{"stat.useItem.18":419,"stat.useItem.17":1669,"stat.useItem.143":4,"stat.fallOneCm":1920,"achievement.openInventory":285,"stat.jump":1471,"achievement.exploreAllBiomes":{"value":0,"progress":["Plains"]},"stat.useItem.1":112,"stat.useItem.3":115,"stat.damageTaken":125,"stat.useItem.58":2,"stat.useItem.390":2,"stat.useItem.4":56,"stat.useItem.5":2174,"stat.useItem.54":3,"stat.useItem.53":338,"stat.useItem.107":5,"stat.useItem.109":476,"stat.useItem.50":27,"stat.useItem.389":23,"stat.damageDealt":390,"stat.useItem.12":178,"stat.useItem.101":55,"stat.useItem.102":5,"stat.useItem.338":11,"stat.drop":4,"stat.useItem.134":89,"stat.leaveGame":27,"stat.useItem.137":2,"stat.useItem.174":22,"stat.useItem.139":300,"stat.useItem.175":57,"stat.useItem.138":7,"stat.useItem.381":4,"stat.useItem.46":4,"stat.diveOneCm":1503,"stat.walkOneCm":755328,"stat.swimOneCm":1584,"stat.useItem.47":9,"stat.useItem.44":697,"stat.useItem.35":708,"stat.useItem.38":2,"stat.useItem.324":1,"stat.useItem.85":397,"stat.useItem.323":19,"stat.useItem.86":36,"stat.useItem.88":32,"stat.useItem.89":21,"stat.useItem.80":176,"stat.useItem.81":4,"stat.useItem.271":8,"stat.useItem.30":8,"stat.useItem.171":71,"stat.useItem.126":165,"stat.useItem.32":3,"stat.useItem.120":5,"stat.useItem.33":34,"stat.useItem.96":6,"stat.useItem.159":17,"stat.flyOneCm":4338156,"stat.useItem.98":990,"stat.useItem.355":1,"stat.useItem.90":2,"stat.useItem.61":1,"stat.useItem.67":203,"stat.useItem.65":10,"stat.useItem.397":19,"stat.useItem.160":23,"stat.playOneMinute":522049,"stat.useItem.20":34}